{
  "cal_n_days": 0.0,
  "cal_mean": 300.7611111111111,
  "cal_std": 99.20398574820582,
  "cal_min": 169.0,
  "cal_max": 600.0,
  "cal_median": 271.0,
  "cal_cv": 0.3396317261169959,
  "cal_range_ratio": 1.4587259678501205,
  "cal_bookable_ratio": 0.5833333333333334,
  "cal_weekend_premium": 0.10024778642524934
}