{
  "train": {
    "mae": 38.60627394050039,
    "rmse": 52.59736725558718,
    "r2": 0.7080001652605796,
    "mape": 23.157437598991354
  },
  "test": {
    "mae": 54.728566521503886,
    "rmse": 76.21495748974723,
    "r2": 0.429909205954497,
    "mape": 28.85318789368048
  },
  "cross_val_mae": 50.227107084660666,
  "feature_count": 50,
  "sample_count": 2439,
  "price_range": {
    "min": 47.0,
    "max": 598.0,
    "mean": 192.39442394423943,
    "median": 163.0
  }
}